{
  "token_acc": 1.0,
  "token_p": 0.9988117635,
  "token_r": 0.9995045581,
  "token_f": 0.9991580407,
  "pos_acc": 0.9702764292,
  "morph_acc": 0.9565561995,
  "morph_micro_p": 0.9796550656,
  "morph_micro_r": 0.9775350371,
  "morph_micro_f": 0.9785939031,
  "morph_per_feat": {
    "Mood": {
      "p": 0.9782608696,
      "r": 0.9794437727,
      "f": 0.9788519637
    },
    "Number": {
      "p": 0.9923365655,
      "r": 0.9881638374,
      "f": 0.9902458057
    },
    "Person": {
      "p": 0.974522293,
      "r": 0.9797225187,
      "f": 0.977115487
    },
    "Tense": {
      "p": 0.9402795426,
      "r": 0.9736842105,
      "f": 0.9566903685
    },
    "VerbForm": {
      "p": 0.975571316,
      "r": 0.9809825674,
      "f": 0.9782694587
    },
    "Gender": {
      "p": 0.9656702025,
      "r": 0.9575444636,
      "f": 0.9615901671
    },
    "PronType": {
      "p": 0.9921956296,
      "r": 0.9855297158,
      "f": 0.9888514389
    },
    "Definite": {
      "p": 0.9972789116,
      "r": 0.9932249322,
      "f": 0.9952477936
    },
    "NumType": {
      "p": 0.9644012945,
      "r": 0.9770491803,
      "f": 0.9706840391
    },
    "Voice": {
      "p": 0.8988764045,
      "r": 0.9302325581,
      "f": 0.9142857143
    },
    "Polarity": {
      "p": 0.9863013699,
      "r": 1.0,
      "f": 0.9931034483
    },
    "Case": {
      "p": 0.9285714286,
      "r": 0.9285714286,
      "f": 0.9285714286
    }
  },
  "sents_p": 0.9255220912,
  "sents_r": 0.9574530624,
  "sents_f": 0.9412168385,
  "dep_uas": 0.9010773751,
  "dep_las": 0.8627722088,
  "dep_las_per_type": {
    "cop": {
      "p": 0.88,
      "r": 0.9361702128,
      "f": 0.9072164948
    },
    "root": {
      "p": 0.9130434783,
      "r": 0.9,
      "f": 0.9064748201
    },
    "det": {
      "p": 0.9757174393,
      "r": 0.9703622393,
      "f": 0.9730324711
    },
    "amod": {
      "p": 0.9413202934,
      "r": 0.9390243902,
      "f": 0.9401709402
    },
    "nsubj": {
      "p": 0.8924162257,
      "r": 0.8830715532,
      "f": 0.8877192982
    },
    "case": {
      "p": 0.9777070064,
      "r": 0.979578813,
      "f": 0.9786420147
    },
    "nmod": {
      "p": 0.8161044614,
      "r": 0.8351893096,
      "f": 0.8255365988
    },
    "flat:name": {
      "p": 0.8798586572,
      "r": 0.9054545455,
      "f": 0.8924731183
    },
    "acl": {
      "p": 0.6422018349,
      "r": 0.6034482759,
      "f": 0.6222222222
    },
    "advmod": {
      "p": 0.8242074928,
      "r": 0.8125,
      "f": 0.8183118741
    },
    "obl": {
      "p": 0.7002012072,
      "r": 0.7160493827,
      "f": 0.7080366226
    },
    "conj": {
      "p": 0.6094890511,
      "r": 0.6162361624,
      "f": 0.6128440367
    },
    "cc": {
      "p": 0.9004329004,
      "r": 0.9043478261,
      "f": 0.9023861171
    },
    "obj": {
      "p": 0.8565656566,
      "r": 0.816955684,
      "f": 0.8362919132
    },
    "obl:agent": {
      "p": 0.7941176471,
      "r": 0.9,
      "f": 0.84375
    },
    "acl:relcl": {
      "p": 0.7314814815,
      "r": 0.7452830189,
      "f": 0.738317757
    },
    "mark": {
      "p": 0.8731707317,
      "r": 0.8364485981,
      "f": 0.8544152745
    },
    "advcl": {
      "p": 0.553030303,
      "r": 0.6517857143,
      "f": 0.5983606557
    },
    "xcomp": {
      "p": 0.7615384615,
      "r": 0.792,
      "f": 0.7764705882
    },
    "iobj": {
      "p": 0.3,
      "r": 0.1363636364,
      "f": 0.1875
    },
    "appos": {
      "p": 0.6,
      "r": 0.6036585366,
      "f": 0.6018237082
    },
    "fixed": {
      "p": 0.7818181818,
      "r": 0.7678571429,
      "f": 0.7747747748
    },
    "nummod": {
      "p": 0.9677419355,
      "r": 0.9615384615,
      "f": 0.9646302251
    },
    "aux": {
      "p": 0.9090909091,
      "r": 0.9677419355,
      "f": 0.9375
    },
    "csubj": {
      "p": 0.5,
      "r": 0.375,
      "f": 0.4285714286
    },
    "ccomp": {
      "p": 0.7551020408,
      "r": 0.6166666667,
      "f": 0.6788990826
    },
    "orphan": {
      "p": 0.0,
      "r": 0.0,
      "f": 0.0
    },
    "flat": {
      "p": 1.0,
      "r": 1.0,
      "f": 1.0
    },
    "aux:pass": {
      "p": 1.0,
      "r": 0.9852941176,
      "f": 0.9925925926
    },
    "nsubj:pass": {
      "p": 0.8545454545,
      "r": 0.8703703704,
      "f": 0.8623853211
    },
    "parataxis": {
      "p": 0.4464285714,
      "r": 0.3521126761,
      "f": 0.3937007874
    },
    "list": {
      "p": 0.0,
      "r": 0.0,
      "f": 0.0
    },
    "expl": {
      "p": 0.7826086957,
      "r": 0.9473684211,
      "f": 0.8571428571
    },
    "compound": {
      "p": 0.6666666667,
      "r": 0.4,
      "f": 0.5
    },
    "dep": {
      "p": 0.0,
      "r": 0.0,
      "f": 0.0
    },
    "vocative": {
      "p": 0.0,
      "r": 0.0,
      "f": 0.0
    },
    "discourse": {
      "p": 0.0,
      "r": 0.0,
      "f": 0.0
    },
    "expl:pass": {
      "p": 0.0,
      "r": 0.0,
      "f": 0.0
    },
    "flat:foreign": {
      "p": 1.0,
      "r": 0.75,
      "f": 0.8571428571
    }
  },
  "lemma_acc": 0.9704323709,
  "tag_acc": 0.8961656594,
  "ents_p": 0.8956672035,
  "ents_r": 0.8974475036,
  "ents_f": 0.8965564698,
  "ents_per_type": {
    "LOC": {
      "p": 0.9137775621,
      "r": 0.9267580872,
      "f": 0.9202220515
    },
    "PER": {
      "p": 0.9074120083,
      "r": 0.9246413502,
      "f": 0.9159456635
    },
    "ORG": {
      "p": 0.8469882299,
      "r": 0.8197453652,
      "f": 0.8331441544
    },
    "MISC": {
      "p": 0.8156128576,
      "r": 0.763810784,
      "f": 0.7888623164
    }
  },
  "speed": 11566.5552368993
}